{
  "schemaVersion": 1,
  "id": "allthatmatters",
  "version": "${version}",
  "name": "All That Matters",
  "description": "This mod is a collection of everything I would like to have in my game play. Some of the features may look op but that is how I like to play minecraft. You can turn them off in the config",
  "authors": [
    "Jiraiyah"
  ],
  "contact": {
    "homepage": "https://fabricmc.net/",
    "sources": "https://github.com/FabricMC/fabric-example-mod"
  },
  "license": "MIT",
  "icon": "assets/allthatmatters/icon.png",
  "environment": "*",
  "entrypoints": {
    "main": [
      "jiraiyah.allthatmatters.ModMain"
    ],
    "fabric-datagen": [
      "jiraiyah.allthatmatters.ModDataGenerator"
    ],
    "client": [
      "jiraiyah.allthatmatters.ModClient"
    ],
    "rei_client": [
      "jiraiyah.allthatmatters.compat.ModREIClientPlugin"
    ]
  },
  "mixins": [
    "allthatmatters.mixins.json"
  ],
  "depends": {
    "fabricloader": ">=0.14.24",
    "minecraft": "~1.20.2",
    "java": ">=17",
    "fabric-api": "*"
  },
  "suggests": {
    "another-mod": "*"
  }
}